Developer8,developer8@msprodo0410gmail.onmicrosoft.com,test!234
Developer9,developer9@msprodo0410gmail.onmicrosoft.com,test!234
Developer10,developer10@msprodo0410gmail.onmicrosoft.com,test!234
Developer11,developer11@msprodo0410gmail.onmicrosoft.com,test!234
Developer12,developer12@msprodo0410gmail.onmicrosoft.com,test!234
Developer13,developer13@msprodo0410gmail.onmicrosoft.com,test!234
Developer14,developer14@msprodo0410gmail.onmicrosoft.com,test!234
Developer15,developer15@msprodo0410gmail.onmicrosoft.com,test!234
Developer16,developer16@msprodo0410gmail.onmicrosoft.com,test!234
Developer17,developer17@msprodo0410gmail.onmicrosoft.com,test!234
Developer18,developer18@msprodo0410gmail.onmicrosoft.com,test!234
